t_s,dir,rate,kp,cmd,fb,lead,d_fb,block,tx,ack
0.0018,0,0.000,0,-0.0581,-0.0581,0.0000,0.0000,none,192,189
0.0291,0,0.000,0,-0.0581,-0.0581,0.0000,0.0000,none,193,189
0.0571,0,0.000,0,-0.0581,-0.0581,0.0000,0.0000,none,194,189
0.0856,0,0.000,0,-0.0581,-0.0581,0.0000,0.0000,none,195,189
0.1137,0,0.000,0,-0.0581,-0.0581,0.0000,0.0000,none,196,189
0.1410,0,0.000,0,-0.0581,-0.0581,0.0000,0.0000,none,197,189
0.1692,0,0.000,0,-0.0581,-0.0581,0.0000,0.0000,none,198,189
0.1972,0,0.000,0,-0.0581,-0.0581,0.0000,0.0000,none,199,189
0.2252,0,0.000,0,-0.0581,-0.0581,0.0000,0.0000,none,200,189
0.2536,0,0.000,0,-0.0581,-0.0581,0.0000,0.0000,none,201,189
0.2816,0,0.000,0,-0.0581,-0.0581,0.0000,0.0000,none,202,189
0.3100,0,0.000,0,-0.0581,-0.0313,-0.0269,0.0269,none,203,202
0.3376,0,0.000,0,-0.0313,-0.0313,0.0000,0.0000,none,204,202
0.3662,0,0.000,0,-0.0313,-0.0313,0.0000,0.0000,none,205,202
0.3934,0,0.000,0,-0.0313,-0.0313,0.0000,0.0000,none,206,202
0.4201,0,0.000,0,-0.0313,-0.0313,0.0000,0.0000,none,207,202
0.4479,0,0.000,0,-0.0313,-0.0313,0.0000,0.0000,none,208,202
0.4765,0,0.000,0,-0.0313,-0.0313,0.0000,0.0000,none,209,202
0.5043,0,0.000,0,-0.0313,-0.0313,0.0000,0.0000,none,210,202
0.5323,0,0.000,0,-0.0313,-0.0313,0.0000,0.0000,none,211,202
0.5601,0,0.000,0,-0.0313,-0.0313,0.0000,0.0000,none,212,202
0.5874,0,0.000,0,-0.0313,-0.0313,0.0000,0.0000,none,213,202
0.6143,0,0.000,0,-0.0313,-0.0313,0.0000,0.0000,none,214,202
0.6415,0,0.000,0,-0.0313,-0.0313,0.0000,0.0000,none,215,202
0.6699,0,0.000,0,-0.0313,-0.0313,0.0000,0.0000,none,216,215
0.6976,0,0.000,0,-0.0313,-0.0313,0.0000,0.0000,none,217,215
0.7252,0,0.000,0,-0.0313,-0.0313,0.0000,0.0000,none,218,215
0.7533,0,0.000,0,-0.0313,-0.0313,0.0000,0.0000,none,219,215
0.7810,0,0.000,0,-0.0313,-0.0313,0.0000,0.0000,none,220,215
0.8082,0,0.000,0,-0.0313,-0.0313,0.0000,0.0000,none,221,215
0.8358,0,0.000,0,-0.0313,-0.0313,0.0000,0.0000,none,222,215
0.8632,0,0.000,0,-0.0313,-0.0313,0.0000,0.0000,none,223,215
0.8911,0,0.000,0,-0.0313,-0.0313,0.0000,0.0000,none,224,215
0.9198,0,0.000,0,-0.0313,-0.0313,0.0000,0.0000,none,225,215
0.9472,0,0.000,0,-0.0313,-0.0313,0.0000,0.0000,none,226,215
0.9746,0,0.000,0,-0.0313,-0.0313,0.0000,0.0000,none,227,215
1.0023,0,0.000,0,-0.0313,-0.0313,0.0000,0.0000,none,228,215
1.0302,0,0.000,0,-0.0313,-0.0313,0.0000,0.0000,none,229,228
1.0575,0,0.000,0,-0.0313,-0.0313,0.0000,0.0000,none,230,228
1.0854,0,0.000,0,-0.0313,-0.0313,0.0000,0.0000,none,231,228
1.1129,0,0.000,0,-0.0313,-0.0313,0.0000,0.0000,none,232,228
1.1408,0,0.000,0,-0.0313,-0.0313,0.0000,0.0000,none,233,228
1.1681,0,0.000,0,-0.0313,-0.0313,0.0000,0.0000,none,234,228
1.1952,0,0.000,0,-0.0313,-0.0313,0.0000,0.0000,none,235,228
1.2223,0,0.000,0,-0.0313,-0.0313,0.0000,0.0000,none,236,228
1.2494,0,0.000,0,-0.0313,-0.0313,0.0000,0.0000,none,237,228
1.2769,0,0.000,0,-0.0313,-0.0313,0.0000,0.0000,none,238,228
1.3043,0,0.000,0,-0.0313,-0.0313,0.0000,0.0000,none,239,228
1.3312,0,0.000,0,-0.0313,-0.0313,0.0000,0.0000,none,240,228
1.3579,0,0.000,0,-0.0313,-0.0313,0.0000,0.0000,none,241,228
1.3860,0,0.000,0,-0.0313,-0.0313,0.0000,0.0000,none,242,228
1.4133,0,0.000,0,-0.0313,-0.0313,0.0000,0.0000,none,243,228
1.4406,0,0.000,0,-0.0313,-0.0313,0.0000,0.0000,none,244,228
1.4673,0,0.000,0,-0.0313,-0.0313,0.0000,0.0000,none,245,228
1.4948,0,0.000,0,-0.0313,-0.0313,0.0000,0.0000,none,246,245
1.5228,0,0.000,0,-0.0313,-0.0313,0.0000,0.0000,none,247,245
1.5508,0,0.000,0,-0.0313,-0.0313,0.0000,0.0000,none,248,245
1.5782,0,0.000,0,-0.0313,-0.0313,0.0000,0.0000,none,249,245
1.6058,0,0.000,0,-0.0313,-0.0313,0.0000,0.0000,none,250,245
1.6336,0,0.000,0,-0.0313,-0.0313,0.0000,0.0000,none,251,245
1.6616,0,0.000,0,-0.0313,-0.0313,0.0000,0.0000,none,252,245
1.6886,0,0.000,0,-0.0313,-0.0313,0.0000,0.0000,none,253,245
1.7164,0,0.000,0,-0.0313,-0.0313,0.0000,0.0000,none,254,245
1.7432,0,0.000,0,-0.0313,-0.0313,0.0000,0.0000,none,255,245
1.7702,0,0.000,0,-0.0313,-0.0313,0.0000,0.0000,none,256,245
1.7974,0,0.000,0,-0.0313,-0.0313,0.0000,0.0000,none,257,245
1.8252,0,0.000,0,-0.0313,-0.0313,0.0000,0.0000,none,258,245
1.8527,0,0.000,0,-0.0313,-0.0313,0.0000,0.0000,none,259,2
1.8805,0,0.000,0,-0.0313,-0.0313,0.0000,0.0000,none,260,2
1.9077,0,0.000,0,-0.0313,-0.0313,0.0000,0.0000,none,261,2
1.9353,0,0.000,0,-0.0313,-0.0313,0.0000,0.0000,none,262,2
1.9626,0,0.000,0,-0.0313,-0.0313,0.0000,0.0000,none,263,2
1.9907,0,0.000,0,-0.0313,-0.0313,0.0000,0.0000,none,264,2
2.0185,0,0.000,0,-0.0313,-0.0313,0.0000,0.0000,none,265,2
2.0457,0,0.000,0,-0.0313,-0.0313,0.0000,0.0000,none,266,2
2.0735,0,0.000,0,-0.0313,-0.0313,0.0000,0.0000,none,267,2
2.1017,0,0.000,0,-0.0313,-0.0313,0.0000,0.0000,none,268,2
2.1298,0,0.000,0,-0.0313,-0.0313,0.0000,0.0000,none,269,2
2.1577,0,0.000,0,-0.0313,-0.0313,0.0000,0.0000,none,270,2
2.1859,0,0.000,0,-0.0313,-0.0313,0.0000,0.0000,none,271,2
2.2137,0,0.000,0,-0.0313,-0.0313,0.0000,0.0000,none,272,15
2.2426,0,0.000,0,-0.0313,-0.0313,0.0000,0.0000,none,273,15
2.2704,0,0.000,0,-0.0313,-0.0313,0.0000,0.0000,none,274,15
2.2980,0,0.000,0,-0.0313,-0.0313,0.0000,0.0000,none,275,15
2.3268,0,0.000,0,-0.0313,-0.0313,0.0000,0.0000,none,276,15
2.3544,0,0.000,0,-0.0313,-0.0313,0.0000,0.0000,none,277,15
2.3828,0,0.000,0,-0.0313,-0.0313,0.0000,0.0000,none,278,15
2.4100,1,0.729,8,-0.0130,-0.0313,0.0182,0.0000,none,279,15
2.4380,1,1.458,8,0.0234,-0.0313,0.0547,0.0000,none,280,15
2.4656,1,2.188,8,0.0781,-0.0313,0.1094,0.0000,none,281,15
2.4939,1,2.917,8,0.1510,-0.0313,0.1823,0.0000,none,282,15
2.5214,1,3.500,8,0.2385,-0.0313,0.2698,0.0000,none,283,15
2.5483,1,3.500,8,0.3187,-0.0313,0.3500,0.0000,none,284,15
2.5756,1,3.500,8,0.3187,-0.0313,0.3500,0.0000,none,285,15
2.6031,1,3.500,8,0.3187,-0.0313,0.3500,0.0000,none,286,29
2.6309,1,3.500,8,0.3187,-0.0313,0.3500,0.0000,none,287,29
2.6589,1,3.500,8,0.3187,-0.0313,0.3500,0.0000,none,288,29
2.6859,1,3.500,8,0.3187,-0.0313,0.3500,0.0000,none,289,29
2.7133,1,3.500,8,0.3187,-0.0313,0.3500,0.0000,none,290,29
2.7402,1,3.500,8,0.3187,-0.0313,0.3500,0.0000,none,291,29
2.7674,1,3.500,8,0.3187,-0.0313,0.3500,0.0000,none,292,29
2.7944,1,3.500,8,0.3187,-0.0313,0.3500,0.0000,none,293,29
2.8219,1,3.500,8,0.3187,-0.0313,0.3500,0.0000,none,294,29
2.8492,1,3.500,8,0.3187,-0.0313,0.3500,0.0000,none,295,29
2.8764,1,3.500,8,0.3187,-0.0313,0.3500,0.0000,none,296,29
2.9039,1,3.500,8,0.3187,-0.0313,0.3500,0.0000,none,297,29
2.9317,1,3.500,8,0.3187,-0.0313,0.3500,0.0000,none,298,29
2.9591,1,3.500,8,0.3187,0.3366,-0.0179,0.3679,none,299,42
2.9869,1,3.500,8,0.4062,0.3366,0.0696,0.0000,none,300,42
3.0142,1,3.500,8,0.4937,0.3366,0.1571,0.0000,none,301,42
3.0422,1,3.500,8,0.5812,0.3366,0.2446,0.0000,none,302,42
3.0697,1,3.500,8,0.6687,0.3366,0.3321,0.0000,none,303,42
3.0973,1,3.500,8,0.6866,0.3366,0.3500,0.0000,none,304,42
3.1249,1,3.500,8,0.6866,0.3366,0.3500,0.0000,none,305,42
3.1520,1,3.500,8,0.6866,0.3366,0.3500,0.0000,none,306,42
3.1793,1,3.500,8,0.6866,0.3366,0.3500,0.0000,none,307,42
3.2072,1,3.500,8,0.6866,0.3366,0.3500,0.0000,none,308,42
3.2354,1,3.500,8,0.6866,0.3366,0.3500,0.0000,none,309,42
3.2630,1,3.500,8,0.6866,0.3366,0.3500,0.0000,none,310,42
3.2906,1,3.500,8,0.6866,0.3366,0.3500,0.0000,none,311,42
3.3184,1,3.500,8,0.6866,0.3366,0.3500,0.0000,none,312,42
3.3461,1,3.500,8,0.6866,0.3366,0.3500,0.0000,none,313,42
3.3739,1,3.500,8,0.6866,0.3366,0.3500,0.0000,none,314,42
3.4020,1,3.500,8,0.6866,0.7628,-0.0762,0.4262,none,315,58
3.4296,1,3.500,8,0.7741,0.7628,0.0113,0.0000,none,316,58
3.4570,1,3.500,8,0.8616,0.7628,0.0988,0.0000,none,317,58
3.4844,1,3.500,8,0.9491,0.7628,0.1863,0.0000,none,318,58
3.5120,1,3.500,8,1.0366,0.7628,0.2738,0.0000,none,319,58
3.5392,1,3.500,8,1.1128,0.7628,0.3500,0.0000,none,320,58
3.5675,1,3.500,8,1.1128,0.7628,0.3500,0.0000,none,321,58
3.5951,1,3.500,8,1.1128,0.7628,0.3500,0.0000,none,322,58
3.6232,1,3.500,8,1.1128,0.7628,0.3500,0.0000,none,323,58
3.6512,1,3.500,8,1.1128,0.7628,0.3500,0.0000,none,324,58
3.6786,1,3.500,8,1.1128,0.7628,0.3500,0.0000,none,325,58
3.7058,1,3.500,8,1.1128,0.7628,0.3500,0.0000,none,326,58
3.7338,1,3.500,8,1.1128,0.7628,0.3500,0.0000,none,327,58
3.7616,1,3.500,8,1.1128,0.7628,0.3500,0.0000,none,328,58
3.7902,1,3.500,8,1.1128,1.2055,-0.0927,0.4427,none,329,72
3.8179,1,3.500,8,1.2003,1.2055,-0.0052,0.0000,none,330,72
3.8449,1,3.500,8,1.2878,1.2055,0.0823,0.0000,none,331,72
3.8734,1,3.500,8,1.3753,1.2055,0.1698,0.0000,none,332,72
3.9007,1,3.500,8,1.4628,1.2055,0.2573,0.0000,none,333,72
3.9277,1,3.500,8,1.5503,1.2055,0.3448,0.0000,none,334,72
3.9552,1,3.500,8,1.5555,1.2055,0.3500,0.0000,none,335,72
3.9825,1,3.500,8,1.5555,1.2055,0.3500,0.0000,none,336,72
4.0102,1,3.500,8,1.5555,1.2055,0.3500,0.0000,none,337,72
4.0378,1,3.500,8,1.5555,1.2055,0.3500,0.0000,none,338,72
4.0650,1,3.500,8,1.5555,1.2055,0.3500,0.0000,none,339,72
4.0923,1,3.500,8,1.5555,1.2055,0.3500,0.0000,none,340,72
4.1198,1,3.500,8,1.5555,1.2055,0.3500,0.0000,none,341,72
4.1474,1,3.500,8,1.5555,1.6455,-0.0900,0.4400,none,342,85
4.1751,1,3.500,8,1.6430,1.6455,-0.0025,0.0000,none,343,85
4.2026,1,3.500,8,1.7305,1.6455,0.0850,0.0000,none,344,85
4.2297,1,3.500,8,1.8180,1.6455,0.1725,0.0000,none,345,85
4.2568,1,3.500,8,1.9055,1.6455,0.2600,0.0000,none,346,85
4.2847,1,3.500,8,1.9930,1.6455,0.3475,0.0000,none,347,85
4.3123,0,3.250,8,1.9955,1.6455,0.3500,0.0000,none,348,85
4.3404,0,3.000,8,1.9955,1.6455,0.3500,0.0000,none,349,85
4.3683,0,2.750,8,1.9955,1.6455,0.3500,0.0000,none,350,85
4.3961,0,2.500,8,1.9955,1.6455,0.3500,0.0000,none,351,85
4.4236,0,2.250,8,1.9955,1.6455,0.3500,0.0000,none,352,85
4.4518,0,2.000,8,1.9955,1.6455,0.3500,0.0000,none,353,85
4.4803,0,1.750,8,1.9955,1.6455,0.3500,0.0000,none,354,85
4.5081,0,1.500,8,1.9955,2.0924,-0.0969,0.4469,none,355,98
4.5359,0,1.250,8,2.0268,2.0924,-0.0657,0.0000,none,356,98
4.5636,0,1.000,8,2.0518,2.0924,-0.0407,0.0000,none,357,98
4.5915,0,0.750,8,2.0705,2.0924,-0.0219,0.0000,none,358,98
4.6192,0,0.500,8,2.0830,2.0924,-0.0094,0.0000,none,359,98
4.6476,0,0.250,8,2.0893,2.0924,-0.0032,0.0000,none,360,98
4.6752,0,0.000,0,2.0924,2.0924,0.0000,0.0000,none,361,98
4.7032,0,0.000,0,2.0924,2.0924,0.0000,0.0000,none,362,98
4.7306,0,0.000,0,2.0924,2.0924,0.0000,0.0000,none,363,98
4.7585,0,0.000,0,2.0924,2.0924,0.0000,0.0000,none,364,98
4.7867,0,0.000,0,2.0924,2.0924,0.0000,0.0000,none,365,98
4.8136,0,0.000,0,2.0924,2.0924,0.0000,0.0000,none,366,98
4.8419,0,0.000,0,2.0924,2.0924,0.0000,0.0000,none,367,98
4.8696,0,0.000,0,2.0924,2.0924,0.0000,0.0000,none,368,98
4.8979,0,0.000,0,2.0924,2.0901,0.0023,-0.0023,none,369,112
4.9260,0,0.000,0,2.0901,2.0901,0.0000,0.0000,none,370,112
4.9537,0,0.000,0,2.0901,2.0901,0.0000,0.0000,none,371,112
4.9811,0,0.000,0,2.0901,2.0901,0.0000,0.0000,none,372,112
5.0091,0,0.000,0,2.0901,2.0901,0.0000,0.0000,none,373,112
5.0369,0,0.000,0,2.0901,2.0901,0.0000,0.0000,none,374,112
5.0654,0,0.000,0,2.0901,2.0901,0.0000,0.0000,none,375,112
5.0934,0,0.000,0,2.0901,2.0901,0.0000,0.0000,none,376,112
5.1215,0,0.000,0,2.0901,2.0901,0.0000,0.0000,none,377,112
5.1497,0,0.000,0,2.0901,2.0901,0.0000,0.0000,none,378,112
5.1768,0,0.000,0,2.0901,2.0901,0.0000,0.0000,none,379,112
5.2040,0,0.000,0,2.0901,2.0901,0.0000,0.0000,none,380,112
5.2322,0,0.000,0,2.0901,2.0901,0.0000,0.0000,none,381,112
5.2600,0,0.000,0,2.0901,2.0901,0.0000,0.0000,none,382,125
5.2874,0,0.000,0,2.0901,2.0901,0.0000,0.0000,none,383,125
5.3150,0,0.000,0,2.0901,2.0901,0.0000,0.0000,none,384,125
5.3424,0,0.000,0,2.0901,2.0901,0.0000,0.0000,none,385,125
5.3699,0,0.000,0,2.0901,2.0901,0.0000,0.0000,none,386,125
5.3971,0,0.000,0,2.0901,2.0901,0.0000,0.0000,none,387,125
5.4246,-1,-0.729,8,2.0719,2.0901,-0.0182,0.0000,none,388,125
5.4517,-1,-1.458,8,2.0354,2.0901,-0.0547,0.0000,none,389,125
5.4797,-1,-2.188,8,1.9807,2.0901,-0.1094,0.0000,none,390,125
5.5067,-1,-2.917,8,1.9078,2.0901,-0.1823,0.0000,none,391,125
5.5342,-1,-3.500,8,1.8203,2.0901,-0.2698,0.0000,none,392,125
5.5613,-1,-3.500,8,1.7401,2.0901,-0.3500,0.0000,none,393,125
5.5892,-1,-3.500,8,1.7401,2.0901,-0.3500,0.0000,none,394,125
5.6169,-1,-3.500,8,1.7401,2.0901,-0.3500,0.0000,none,395,125
5.6450,-1,-3.500,8,1.7401,2.0901,-0.3500,0.0000,none,396,125
5.6721,-1,-3.500,8,1.7401,2.0901,-0.3500,0.0000,none,397,125
5.6993,-1,-3.500,8,1.7401,1.8699,-0.1298,-0.2202,none,398,141
5.7270,-1,-3.500,8,1.6526,1.8699,-0.2173,0.0000,none,399,141
5.7550,-1,-3.500,8,1.5651,1.8699,-0.3048,0.0000,none,400,141
5.7831,-1,-3.500,8,1.5199,1.8699,-0.3500,0.0000,none,401,141
5.8101,-1,-3.500,8,1.5199,1.8699,-0.3500,0.0000,none,402,141
5.8380,-1,-3.500,8,1.5199,1.8699,-0.3500,0.0000,none,403,141
5.8659,-1,-3.500,8,1.5199,1.8699,-0.3500,0.0000,none,404,141
5.8937,-1,-3.500,8,1.5199,1.8699,-0.3500,0.0000,none,405,141
5.9214,-1,-3.500,8,1.5199,1.8699,-0.3500,0.0000,none,406,141
5.9491,-1,-3.500,8,1.5199,1.8699,-0.3500,0.0000,none,407,141
5.9769,-1,-3.500,8,1.5199,1.8699,-0.3500,0.0000,none,408,141
6.0048,-1,-3.500,8,1.5199,1.8699,-0.3500,0.0000,none,409,141
6.0323,-1,-3.500,8,1.5199,1.8699,-0.3500,0.0000,none,410,141
6.0604,-1,-3.500,8,1.5199,1.8699,-0.3500,0.0000,none,411,141
6.0882,-1,-3.500,8,1.5199,1.4779,0.0421,-0.3921,none,412,155
6.1159,-1,-3.500,8,1.4324,1.4779,-0.0454,0.0000,none,413,155
6.1429,-1,-3.500,8,1.3449,1.4779,-0.1329,0.0000,none,414,155
6.1703,-1,-3.500,8,1.2574,1.4779,-0.2204,0.0000,none,415,155
6.1978,-1,-3.500,8,1.1699,1.4779,-0.3079,0.0000,none,416,155
6.2256,-1,-3.500,8,1.1279,1.4779,-0.3500,0.0000,none,417,155
6.2528,-1,-3.500,8,1.1279,1.4779,-0.3500,0.0000,none,418,155
6.2800,-1,-3.500,8,1.1279,1.4779,-0.3500,0.0000,none,419,155
6.3077,-1,-3.500,8,1.1279,1.4779,-0.3500,0.0000,none,420,155
6.3356,-1,-3.500,8,1.1279,1.4779,-0.3500,0.0000,none,421,155
6.3635,-1,-3.500,8,1.1279,1.4779,-0.3500,0.0000,none,422,155
6.3915,-1,-3.500,8,1.1279,1.4779,-0.3500,0.0000,none,423,155
6.4193,-1,-3.500,8,1.1279,1.4779,-0.3500,0.0000,none,424,155
6.4467,-1,-3.500,8,1.1279,1.0432,0.0846,-0.4346,none,425,168
6.4746,-1,-3.500,8,1.0404,1.0432,-0.0029,0.0000,none,426,168
6.5030,-1,-3.500,8,0.9529,1.0432,-0.0904,0.0000,none,427,168
6.5306,-1,-3.500,8,0.8654,1.0432,-0.1779,0.0000,none,428,168
6.5580,-1,-3.500,8,0.7779,1.0432,-0.2654,0.0000,none,429,168
6.5857,-1,-3.500,8,0.6932,1.0432,-0.3500,0.0000,none,430,168
6.6128,-1,-3.500,8,0.6932,1.0432,-0.3500,0.0000,none,431,168
6.6410,-1,-3.500,8,0.6932,1.0432,-0.3500,0.0000,none,432,168
6.6691,-1,-3.500,8,0.6932,1.0432,-0.3500,0.0000,none,433,168
6.6970,-1,-3.500,8,0.6932,1.0432,-0.3500,0.0000,none,434,168
6.7249,-1,-3.500,8,0.6932,1.0432,-0.3500,0.0000,none,435,168
6.7523,-1,-3.500,8,0.6932,1.0432,-0.3500,0.0000,none,436,168
6.7800,-1,-3.500,8,0.6932,1.0432,-0.3500,0.0000,none,437,168
6.8071,-1,-3.500,8,0.6932,0.6013,0.0919,-0.4419,none,438,181
6.8351,-1,-3.500,8,0.6057,0.6013,0.0044,0.0000,none,439,181
6.8631,-1,-3.500,8,0.5182,0.6013,-0.0831,0.0000,none,440,181
6.8910,-1,-3.500,8,0.4307,0.6013,-0.1706,0.0000,none,441,181
6.9195,-1,-3.500,8,0.3432,0.6013,-0.2581,0.0000,none,442,181
6.9467,-1,-3.500,8,0.2557,0.6013,-0.3456,0.0000,none,443,181
6.9741,-1,-3.500,8,0.2513,0.6013,-0.3500,0.0000,none,444,181
7.0015,-1,-3.500,8,0.2513,0.6013,-0.3500,0.0000,none,445,181
7.0291,-1,-3.500,8,0.2513,0.6013,-0.3500,0.0000,none,446,181
7.0575,-1,-3.500,8,0.2513,0.6013,-0.3500,0.0000,none,447,181
7.0850,-1,-3.500,8,0.2513,0.6013,-0.3500,0.0000,none,448,181
7.1125,-1,-3.500,8,0.2513,0.6013,-0.3500,0.0000,none,449,181
7.1398,-1,-3.500,8,0.2513,0.6013,-0.3500,0.0000,none,450,181
7.1669,-1,-3.500,8,0.2513,0.6013,-0.3500,0.0000,none,451,181
7.1943,-1,-3.500,8,0.2513,0.1540,0.0973,-0.4473,none,452,195
7.2228,-1,-3.500,8,0.1638,0.1540,0.0098,0.0000,none,453,195
7.2513,-1,-3.500,8,0.0763,0.1540,-0.0777,0.0000,none,454,195
7.2794,-1,-3.500,8,-0.0112,0.1540,-0.1652,0.0000,none,455,195
7.3073,-1,-3.500,8,-0.0987,0.1540,-0.2527,0.0000,none,456,195
7.3349,-1,-3.500,8,-0.1862,0.1540,-0.3402,0.0000,none,457,195
7.3631,-1,-3.500,8,-0.1960,0.1540,-0.3500,0.0000,none,458,195
7.3909,-1,-3.500,8,-0.1960,0.1540,-0.3500,0.0000,none,459,195
7.4188,-1,-3.500,8,-0.1960,0.1540,-0.3500,0.0000,none,460,195
7.4468,-1,-3.500,8,-0.1960,0.1540,-0.3500,0.0000,none,461,195
7.4745,-1,-3.500,8,-0.1960,0.1540,-0.3500,0.0000,none,462,195
7.5021,-1,-3.500,8,-0.1960,0.1540,-0.3500,0.0000,none,463,195
7.5298,-1,-3.500,8,-0.1960,0.1540,-0.3500,0.0000,none,464,195
7.5578,-1,-3.500,8,-0.1960,0.1540,-0.3500,0.0000,none,465,195
7.5851,-1,-3.500,8,-0.1960,0.1540,-0.3500,0.0000,none,466,195
7.6142,-1,-3.500,8,-0.1960,0.1540,-0.3500,0.0000,none,467,195
7.6423,-1,-3.500,8,-0.1960,-0.2330,0.0371,-0.3871,none,468,211
7.6704,-1,-3.500,8,-0.2835,-0.2330,-0.0504,0.0000,none,469,211
7.6982,-1,-3.500,8,-0.3710,-0.2330,-0.1379,0.0000,none,470,211
7.7260,0,-3.250,8,-0.4522,-0.2330,-0.2192,0.0000,none,471,211
7.7539,0,-3.000,8,-0.5272,-0.2330,-0.2942,0.0000,none,472,211
7.7815,0,-2.750,8,-0.5830,-0.2330,-0.3500,0.0000,none,473,211
7.8091,0,-2.500,8,-0.5830,-0.2330,-0.3500,0.0000,none,474,211
7.8365,0,-2.250,8,-0.5830,-0.2330,-0.3500,0.0000,none,475,211
7.8642,0,-2.000,8,-0.5830,-0.2330,-0.3500,0.0000,none,476,211
7.8918,0,-1.750,8,-0.5830,-0.2330,-0.3500,0.0000,none,477,211
7.9198,0,-1.500,8,-0.5830,-0.2330,-0.3500,0.0000,none,478,211
7.9477,0,-1.250,8,-0.5830,-0.2330,-0.3500,0.0000,none,479,211
7.9755,0,-1.000,8,-0.5830,-0.2330,-0.3500,0.0000,none,480,211
8.0036,0,-0.750,8,-0.5830,-0.6650,0.0819,-0.4319,none,481,224
8.0318,0,-0.500,8,-0.5955,-0.6650,0.0694,0.0000,none,482,224
8.0595,0,-0.250,8,-0.6018,-0.6650,0.0632,0.0000,none,483,224
8.0873,0,0.000,0,-0.6650,-0.6650,0.0000,0.0000,none,484,224
8.1146,0,0.000,0,-0.6650,-0.6650,0.0000,0.0000,none,485,224
8.1425,0,0.000,0,-0.6650,-0.6650,0.0000,0.0000,none,486,224
8.1706,0,0.000,0,-0.6650,-0.6650,0.0000,0.0000,none,487,224
8.1989,0,0.000,0,-0.6650,-0.6650,0.0000,0.0000,none,488,224
8.2266,0,0.000,0,-0.6650,-0.6650,0.0000,0.0000,none,489,224
8.2536,0,0.000,0,-0.6650,-0.6650,0.0000,0.0000,none,490,224
8.2819,0,0.000,0,-0.6650,-0.6650,0.0000,0.0000,none,491,224
8.3109,0,0.000,0,-0.6650,-0.6650,0.0000,0.0000,none,492,224
8.3385,0,0.000,0,-0.6650,-0.6650,0.0000,0.0000,none,493,224
8.3660,0,0.000,0,-0.6650,-0.6086,-0.0564,0.0564,none,494,237
8.3936,0,0.000,0,-0.6086,-0.6086,0.0000,0.0000,none,495,237
8.4210,0,0.000,0,-0.6086,-0.6086,0.0000,0.0000,none,496,237
8.4485,0,0.000,0,-0.6086,-0.6086,0.0000,0.0000,none,497,237
8.4761,0,0.000,0,-0.6086,-0.6086,0.0000,0.0000,none,498,237
8.5049,0,0.000,0,-0.6086,-0.6086,0.0000,0.0000,none,499,237
8.5328,0,0.000,0,-0.6086,-0.6086,0.0000,0.0000,none,500,237
8.5607,0,0.000,0,-0.6086,-0.6086,0.0000,0.0000,none,501,237
8.5889,0,0.000,0,-0.6086,-0.6086,0.0000,0.0000,none,502,237
8.6160,0,0.000,0,-0.6086,-0.6086,0.0000,0.0000,none,503,237
8.6437,0,0.000,0,-0.6086,-0.6086,0.0000,0.0000,none,504,237
8.6721,1,0.729,8,-0.5904,-0.6086,0.0182,0.0000,none,505,237
8.7002,1,1.458,8,-0.5539,-0.6086,0.0547,0.0000,none,506,237
8.7277,1,2.188,8,-0.4992,-0.6086,0.1094,0.0000,none,507,250
8.7554,1,2.917,8,-0.4263,-0.6086,0.1823,0.0000,none,508,250
8.7837,1,3.500,8,-0.3388,-0.6086,0.2698,0.0000,none,509,250
8.8112,1,3.500,8,-0.2586,-0.6086,0.3500,0.0000,none,510,250
8.8391,1,3.500,8,-0.2586,-0.6086,0.3500,0.0000,none,511,250
8.8672,1,3.500,8,-0.2586,-0.6086,0.3500,0.0000,none,512,250
8.8949,1,3.500,8,-0.2586,-0.6086,0.3500,0.0000,none,513,250
8.9229,1,3.500,8,-0.2586,-0.6086,0.3500,0.0000,none,514,250
8.9508,1,3.500,8,-0.2586,-0.6086,0.3500,0.0000,none,515,250
8.9790,1,3.500,8,-0.2586,-0.6086,0.3500,0.0000,none,516,250
9.0062,1,3.500,8,-0.2586,-0.6086,0.3500,0.0000,none,517,250
9.0341,1,3.500,8,-0.2586,-0.6086,0.3500,0.0000,none,518,250
9.0623,1,3.500,8,-0.2586,-0.6086,0.3500,0.0000,none,519,250
9.0896,1,3.500,8,-0.2586,-0.6086,0.3500,0.0000,none,520,250
9.1167,1,3.500,8,-0.2586,-0.1978,-0.0608,0.4108,none,521,8
9.1446,1,3.500,8,-0.1711,-0.1978,0.0267,0.0000,none,522,8
9.1716,1,3.500,8,-0.0836,-0.1978,0.1142,0.0000,none,523,8
9.1991,1,3.500,8,0.0039,-0.1978,0.2017,0.0000,none,524,8
9.2257,1,3.500,8,0.0914,-0.1978,0.2892,0.0000,none,525,8
9.2533,1,3.500,8,0.1522,-0.1978,0.3500,0.0000,none,526,8
9.2814,1,3.500,8,0.1522,-0.1978,0.3500,0.0000,none,527,8
9.3090,1,3.500,8,0.1522,-0.1978,0.3500,0.0000,none,528,8
9.3367,1,3.500,8,0.1522,-0.1978,0.3500,0.0000,none,529,8
9.3650,1,3.500,8,0.1522,-0.1978,0.3500,0.0000,none,530,8
9.3930,1,3.500,8,0.1522,-0.1978,0.3500,0.0000,none,531,8
9.4219,1,3.500,8,0.1522,-0.1978,0.3500,0.0000,none,532,8
9.4503,1,3.500,8,0.1522,-0.1978,0.3500,0.0000,none,533,8
9.4787,1,3.500,8,0.1522,-0.1978,0.3500,0.0000,none,534,8
9.5061,1,3.500,8,0.1522,-0.1978,0.3500,0.0000,none,535,8
9.5349,1,3.500,8,0.1522,-0.1978,0.3500,0.0000,none,536,8
9.5637,1,3.500,8,0.1522,0.2319,-0.0796,0.4296,none,537,24
9.5923,1,3.500,8,0.2397,0.2319,0.0079,0.0000,none,538,24
9.6205,1,3.500,8,0.3272,0.2319,0.0954,0.0000,none,539,24
9.6486,1,3.500,8,0.4147,0.2319,0.1829,0.0000,none,540,24
9.6761,1,3.500,8,0.5022,0.2319,0.2704,0.0000,none,541,24
9.7031,1,3.500,8,0.5819,0.2319,0.3500,0.0000,none,542,24
9.7305,1,3.500,8,0.5819,0.2319,0.3500,0.0000,none,543,24
9.7575,1,3.500,8,0.5819,0.2319,0.3500,0.0000,none,544,24
9.7850,1,3.500,8,0.5819,0.2319,0.3500,0.0000,none,545,24
9.8120,1,3.500,8,0.5819,0.2319,0.3500,0.0000,none,546,24
9.8394,1,3.500,8,0.5819,0.2319,0.3500,0.0000,none,547,24
9.8673,1,3.500,8,0.5819,0.2319,0.3500,0.0000,none,548,24
9.8949,1,3.500,8,0.5819,0.2319,0.3500,0.0000,none,549,24
9.9234,1,3.500,8,0.5819,0.6750,-0.0931,0.4431,none,550,37
9.9517,1,3.500,8,0.6694,0.6750,-0.0056,0.0000,none,551,37
9.9801,1,3.500,8,0.7569,0.6750,0.0819,0.0000,none,552,37
10.0084,1,3.500,8,0.8444,0.6750,0.1694,0.0000,none,553,37
10.0357,1,3.500,8,0.9319,0.6750,0.2569,0.0000,none,554,37
10.0641,1,3.500,8,1.0194,0.6750,0.3444,0.0000,none,555,37
10.0916,1,3.500,8,1.0250,0.6750,0.3500,0.0000,none,556,37
10.1196,1,3.500,8,1.0250,0.6750,0.3500,0.0000,none,557,37
10.1468,1,3.500,8,1.0250,0.6750,0.3500,0.0000,none,558,37
10.1740,1,3.500,8,1.0250,0.6750,0.3500,0.0000,none,559,37
10.2018,1,3.500,8,1.0250,0.6750,0.3500,0.0000,none,560,37
10.2301,1,3.500,8,1.0250,0.6750,0.3500,0.0000,none,561,37
10.2580,1,3.500,8,1.0250,0.6750,0.3500,0.0000,none,562,37
10.2853,1,3.500,8,1.0250,1.1219,-0.0969,0.4469,none,563,50
10.3131,1,3.500,8,1.1125,1.1219,-0.0094,0.0000,none,564,50
10.3409,1,3.500,8,1.2000,1.1219,0.0781,0.0000,none,565,50
10.3686,1,3.500,8,1.2875,1.1219,0.1656,0.0000,none,566,50
10.3964,1,3.500,8,1.3750,1.1219,0.2531,0.0000,none,567,50
10.4246,1,3.500,8,1.4625,1.1219,0.3406,0.0000,none,568,50
10.4525,1,3.500,8,1.4719,1.1219,0.3500,0.0000,none,569,50
10.4805,1,3.500,8,1.4719,1.1219,0.3500,0.0000,none,570,50
10.5088,1,3.500,8,1.4719,1.1219,0.3500,0.0000,none,571,50
10.5373,1,3.500,8,1.4719,1.1219,0.3500,0.0000,none,572,50
10.5649,1,3.500,8,1.4719,1.1219,0.3500,0.0000,none,573,50
10.5934,1,3.500,8,1.4719,1.1219,0.3500,0.0000,none,574,50
10.6215,1,3.500,8,1.4719,1.1219,0.3500,0.0000,none,575,50
10.6490,1,3.500,8,1.4719,1.1219,0.3500,0.0000,none,576,50
10.6763,1,3.500,8,1.4719,1.5695,-0.0977,0.4477,none,577,64
10.7046,1,3.500,8,1.5594,1.5695,-0.0102,0.0000,none,578,64
10.7326,1,3.500,8,1.6469,1.5695,0.0773,0.0000,none,579,64
10.7605,1,3.500,8,1.7344,1.5695,0.1648,0.0000,none,580,64
10.7881,1,3.500,8,1.8219,1.5695,0.2523,0.0000,none,581,64
10.8150,1,3.500,8,1.9094,1.5695,0.3398,0.0000,none,582,64
10.8434,1,3.500,8,1.9195,1.5695,0.3500,0.0000,none,583,64
10.8718,1,3.500,8,1.9195,1.5695,0.3500,0.0000,none,584,64
10.8999,1,3.500,8,1.9195,1.5695,0.3500,0.0000,none,585,64
10.9275,1,3.500,8,1.9195,1.5695,0.3500,0.0000,none,586,64
10.9548,1,3.500,8,1.9195,1.5695,0.3500,0.0000,none,587,64
10.9829,1,3.500,8,1.9195,1.5695,0.3500,0.0000,none,588,64
11.0113,1,3.500,8,1.9195,1.5695,0.3500,0.0000,none,589,64
11.0394,1,3.500,8,1.9195,2.0069,-0.0873,0.4373,none,590,77
11.0672,1,3.500,8,2.0070,2.0069,0.0002,0.0000,none,591,77
11.0947,0,3.250,8,2.0883,2.0069,0.0814,0.0000,none,592,77
11.1224,0,3.000,8,2.1633,2.0069,0.1564,0.0000,none,593,77
11.1506,0,2.750,8,2.2320,2.0069,0.2252,0.0000,none,594,77
11.1783,0,2.500,8,2.2945,2.0069,0.2877,0.0000,none,595,77
11.2054,0,2.250,8,2.3508,2.0069,0.3439,0.0000,none,596,77
11.2327,0,2.000,8,2.3569,2.0069,0.3500,0.0000,none,597,77
11.2600,0,1.750,8,2.3569,2.0069,0.3500,0.0000,none,598,77
11.2877,0,1.500,8,2.3569,2.0069,0.3500,0.0000,none,599,77
11.3148,0,1.250,8,2.3569,2.0069,0.3500,0.0000,none,600,77
11.3421,0,1.000,8,2.3569,2.0069,0.3500,0.0000,none,601,77
11.3698,0,0.750,8,2.3569,2.0069,0.3500,0.0000,none,602,77
11.3972,0,0.500,8,2.3569,2.0069,0.3500,0.0000,none,603,77
11.4248,0,0.250,8,2.3569,2.0069,0.3500,0.0000,none,604,77
11.4520,0,0.000,0,2.0069,2.0069,0.0000,0.0000,none,605,77
11.4792,0,0.000,0,2.0069,2.4388,-0.4319,0.4319,none,606,93
11.5066,0,0.000,0,2.4388,2.4388,0.0000,0.0000,none,607,93
11.5336,0,0.000,0,2.4388,2.4388,0.0000,0.0000,none,608,93
11.5611,0,0.000,0,2.4388,2.4388,0.0000,0.0000,none,609,93
11.5889,0,0.000,0,2.4388,2.4388,0.0000,0.0000,none,610,93
11.6169,0,0.000,0,2.4388,2.4388,0.0000,0.0000,none,611,93
11.6446,0,0.000,0,2.4388,2.4388,0.0000,0.0000,none,612,93
11.6715,0,0.000,0,2.4388,2.4388,0.0000,0.0000,none,613,93
11.6991,0,0.000,0,2.4388,2.4388,0.0000,0.0000,none,614,93
11.7268,0,0.000,0,2.4388,2.4388,0.0000,0.0000,none,615,93
11.7549,0,0.000,0,2.4388,2.4388,0.0000,0.0000,none,616,93
11.7830,0,0.000,0,2.4388,2.4388,0.0000,0.0000,none,617,93
11.8100,0,0.000,0,2.4388,2.4388,0.0000,0.0000,none,618,93
11.8381,0,0.000,0,2.4388,2.4388,0.0000,0.0000,none,619,93
11.8659,0,0.000,0,2.4388,2.3640,0.0748,-0.0748,none,620,107
11.8940,0,0.000,0,2.3640,2.3640,0.0000,0.0000,none,621,107
11.9221,0,0.000,0,2.3640,2.3640,0.0000,0.0000,none,622,107
11.9500,0,0.000,0,2.3640,2.3640,0.0000,0.0000,none,623,107
11.9781,0,0.000,0,2.3640,2.3640,0.0000,0.0000,none,624,107
12.0058,0,0.000,0,2.3640,2.3640,0.0000,0.0000,none,625,107
12.0339,0,0.000,0,2.3640,2.3640,0.0000,0.0000,none,626,107
12.0613,0,0.000,0,2.3640,2.3640,0.0000,0.0000,none,627,107
12.0884,0,0.000,0,2.3640,2.3640,0.0000,0.0000,none,628,107
12.1169,0,0.000,0,2.3640,2.3640,0.0000,0.0000,none,629,107
12.1447,0,0.000,0,2.3640,2.3640,0.0000,0.0000,none,630,107
12.1730,0,0.000,0,2.3640,2.3640,0.0000,0.0000,none,631,107
12.2007,0,0.000,0,2.3640,2.3640,0.0000,0.0000,none,632,107
12.2292,0,0.000,0,2.3640,2.3640,0.0000,0.0000,none,633,120
12.2568,0,0.000,0,2.3640,2.3640,0.0000,0.0000,none,634,120
12.2853,0,0.000,0,2.3640,2.3640,0.0000,0.0000,none,635,120
12.3129,0,0.000,0,2.3640,2.3640,0.0000,0.0000,none,636,120
12.3408,-1,-0.729,8,2.3458,2.3640,-0.0182,0.0000,none,637,120
12.3684,-1,-1.458,8,2.3093,2.3640,-0.0547,0.0000,none,638,120
12.3966,-1,-2.188,8,2.2546,2.3640,-0.1094,0.0000,none,639,120
12.4242,-1,-2.917,8,2.1817,2.3640,-0.1823,0.0000,none,640,120
12.4519,-1,-3.500,8,2.0942,2.3640,-0.2698,0.0000,none,641,120
12.4801,-1,-3.500,8,2.0140,2.3640,-0.3500,0.0000,none,642,120
12.5078,-1,-3.500,8,2.0140,2.3640,-0.3500,0.0000,none,643,120
12.5371,-1,-3.500,8,2.0140,2.3640,-0.3500,0.0000,none,644,120
12.5646,-1,-3.500,8,2.0140,2.3640,-0.3500,0.0000,none,645,120
12.5930,-1,-3.500,8,2.0140,2.3049,-0.2909,-0.0591,none,646,133
12.6208,-1,-3.500,8,1.9549,2.3049,-0.3500,0.0000,none,647,133
12.6485,-1,-3.500,8,1.9549,2.3049,-0.3500,0.0000,none,648,133
12.6759,-1,-3.500,8,1.9549,2.3049,-0.3500,0.0000,none,649,133
12.7033,-1,-3.500,8,1.9549,2.3049,-0.3500,0.0000,none,650,133
12.7304,-1,-3.500,8,1.9549,2.3049,-0.3500,0.0000,none,651,133
12.7578,-1,-3.500,8,1.9549,2.3049,-0.3500,0.0000,none,652,133
12.7849,-1,-3.500,8,1.9549,2.3049,-0.3500,0.0000,none,653,133
12.8120,-1,-3.500,8,1.9549,2.3049,-0.3500,0.0000,none,654,133
12.8394,-1,-3.500,8,1.9549,2.3049,-0.3500,0.0000,none,655,133
12.8671,-1,-3.500,8,1.9549,2.3049,-0.3500,0.0000,none,656,133
12.8941,-1,-3.500,8,1.9549,2.3049,-0.3500,0.0000,none,657,133
12.9213,-1,-3.500,8,1.9549,2.3049,-0.3500,0.0000,none,658,133
12.9493,-1,-3.500,8,1.9549,1.9570,-0.0021,-0.3479,none,659,146
12.9765,-1,-3.500,8,1.8674,1.9570,-0.0896,0.0000,none,660,146
13.0043,-1,-3.500,8,1.7799,1.9570,-0.1771,0.0000,none,661,146
13.0319,-1,-3.500,8,1.6924,1.9570,-0.2646,0.0000,none,662,146
13.0604,-1,-3.500,8,1.6070,1.9570,-0.3500,0.0000,none,663,146
13.0875,-1,-3.500,8,1.6070,1.9570,-0.3500,0.0000,none,664,146
13.1144,-1,-3.500,8,1.6070,1.9570,-0.3500,0.0000,none,665,146
13.1423,-1,-3.500,8,1.6070,1.9570,-0.3500,0.0000,none,666,146
13.1699,-1,-3.500,8,1.6070,1.9570,-0.3500,0.0000,none,667,146
13.1979,-1,-3.500,8,1.6070,1.9570,-0.3500,0.0000,none,668,146
13.2252,-1,-3.500,8,1.6070,1.9570,-0.3500,0.0000,none,669,146
13.2526,-1,-3.500,8,1.6070,1.9570,-0.3500,0.0000,none,670,146
13.2799,-1,-3.500,8,1.6070,1.9570,-0.3500,0.0000,none,671,146
13.3076,-1,-3.500,8,1.6070,1.9570,-0.3500,0.0000,none,672,146
13.3350,-1,-3.500,8,1.6070,1.5358,0.0712,-0.4212,none,673,160
13.3626,-1,-3.500,8,1.5195,1.5358,-0.0163,0.0000,none,674,160
13.3901,-1,-3.500,8,1.4320,1.5358,-0.1038,0.0000,none,675,160
13.4184,-1,-3.500,8,1.3445,1.5358,-0.1913,0.0000,none,676,160
13.4460,-1,-3.500,8,1.2570,1.5358,-0.2788,0.0000,none,677,160
13.4740,-1,-3.500,8,1.1858,1.5358,-0.3500,0.0000,none,678,160
13.5011,-1,-3.500,8,1.1858,1.5358,-0.3500,0.0000,none,679,160
13.5293,-1,-3.500,8,1.1858,1.5358,-0.3500,0.0000,none,680,160
13.5570,-1,-3.500,8,1.1858,1.5358,-0.3500,0.0000,none,681,160
13.5852,-1,-3.500,8,1.1858,1.5358,-0.3500,0.0000,none,682,160
13.6127,-1,-3.500,8,1.1858,1.5358,-0.3500,0.0000,none,683,160
13.6405,-1,-3.500,8,1.1858,1.5358,-0.3500,0.0000,none,684,160
13.6687,-1,-3.500,8,1.1858,1.5358,-0.3500,0.0000,none,685,160
13.6968,-1,-3.500,8,1.1858,1.5358,-0.3500,0.0000,none,686,160
13.7242,-1,-3.500,8,1.1858,1.5358,-0.3500,0.0000,none,687,160
13.7515,-1,-3.500,8,1.1858,1.5358,-0.3500,0.0000,none,688,160
13.7794,-1,-3.500,8,1.1858,1.1330,0.0528,-0.4028,none,689,176
13.8070,-1,-3.500,8,1.0983,1.1330,-0.0347,0.0000,none,690,176
13.8353,-1,-3.500,8,1.0108,1.1330,-0.1222,0.0000,none,691,176
13.8633,-1,-3.500,8,0.9233,1.1330,-0.2097,0.0000,none,692,176
13.8911,-1,-3.500,8,0.8358,1.1330,-0.2972,0.0000,none,693,176
13.9200,-1,-3.500,8,0.7830,1.1330,-0.3500,0.0000,none,694,176
13.9478,-1,-3.500,8,0.7830,1.1330,-0.3500,0.0000,none,695,176
13.9763,-1,-3.500,8,0.7830,1.1330,-0.3500,0.0000,none,696,176
14.0047,-1,-3.500,8,0.7830,1.1330,-0.3500,0.0000,none,697,176
14.0324,-1,-3.500,8,0.7830,1.1330,-0.3500,0.0000,none,698,176
14.0603,-1,-3.500,8,0.7830,1.1330,-0.3500,0.0000,none,699,176
14.0884,-1,-3.500,8,0.7830,1.1330,-0.3500,0.0000,none,700,176
14.1164,-1,-3.500,8,0.7830,1.1330,-0.3500,0.0000,none,701,176
14.1442,-1,-3.500,8,0.7830,0.6964,0.0866,-0.4366,none,702,189
14.1711,-1,-3.500,8,0.6955,0.6964,-0.0009,0.0000,none,703,189
14.1983,-1,-3.500,8,0.6080,0.6964,-0.0884,0.0000,none,704,189
14.2260,-1,-3.500,8,0.5205,0.6964,-0.1759,0.0000,none,705,189
14.2532,-1,-3.500,8,0.4330,0.6964,-0.2634,0.0000,none,706,189
14.2807,-1,-3.500,8,0.3464,0.6964,-0.3500,0.0000,none,707,189
14.3082,-1,-3.500,8,0.3464,0.6964,-0.3500,0.0000,none,708,189
14.3362,-1,-3.500,8,0.3464,0.6964,-0.3500,0.0000,none,709,189
14.3635,-1,-3.500,8,0.3464,0.6964,-0.3500,0.0000,none,710,189
14.3911,-1,-3.500,8,0.3464,0.6964,-0.3500,0.0000,none,711,189
14.4191,-1,-3.500,8,0.3464,0.6964,-0.3500,0.0000,none,712,189
14.4465,-1,-3.500,8,0.3464,0.6964,-0.3500,0.0000,none,713,189
14.4738,-1,-3.500,8,0.3464,0.6964,-0.3500,0.0000,none,714,189
14.5014,-1,-3.500,8,0.3464,0.6964,-0.3500,0.0000,none,715,189
14.5285,-1,-3.500,8,0.3464,0.2515,0.0950,-0.4450,none,716,203
14.5562,-1,-3.500,8,0.2589,0.2515,0.0075,0.0000,none,717,203
14.5845,-1,-3.500,8,0.1714,0.2515,-0.0800,0.0000,none,718,203
14.6120,-1,-3.500,8,0.0839,0.2515,-0.1675,0.0000,none,719,203
14.6397,-1,-3.500,8,-0.0036,0.2515,-0.2550,0.0000,none,720,203
14.6672,-1,-3.500,8,-0.0911,0.2515,-0.3425,0.0000,none,721,203
14.6953,-1,-3.500,8,-0.0985,0.2515,-0.3500,0.0000,none,722,203
14.7235,-1,-3.500,8,-0.0985,0.2515,-0.3500,0.0000,none,723,203
14.7517,-1,-3.500,8,-0.0985,0.2515,-0.3500,0.0000,none,724,203
14.7791,-1,-3.500,8,-0.0985,0.2515,-0.3500,0.0000,none,725,203
14.8072,-1,-3.500,8,-0.0985,0.2515,-0.3500,0.0000,none,726,203
14.8352,-1,-3.500,8,-0.0985,0.2515,-0.3500,0.0000,none,727,203
14.8633,-1,-3.500,8,-0.0985,0.2515,-0.3500,0.0000,none,728,203
14.8911,-1,-3.500,8,-0.0985,-0.1897,0.0912,-0.4412,none,729,216
14.9190,-1,-3.500,8,-0.1860,-0.1897,0.0037,0.0000,none,730,216
14.9469,-1,-3.500,8,-0.2735,-0.1897,-0.0838,0.0000,none,731,216
14.9751,-1,-3.500,8,-0.3610,-0.1897,-0.1713,0.0000,none,732,216
15.0030,-1,-3.500,8,-0.4485,-0.1897,-0.2588,0.0000,none,733,216
15.0302,-1,-3.500,8,-0.5360,-0.1897,-0.3463,0.0000,none,734,216
15.0577,-1,-3.500,8,-0.5397,-0.1897,-0.3500,0.0000,none,735,216
15.0865,-1,-3.500,8,-0.5397,-0.1897,-0.3500,0.0000,none,736,216
15.1145,-1,-3.500,8,-0.5397,-0.1897,-0.3500,0.0000,none,737,216
15.1429,-1,-3.500,8,-0.5397,-0.1897,-0.3500,0.0000,none,738,216
15.1703,-1,-3.500,8,-0.5397,-0.1897,-0.3500,0.0000,none,739,216
15.1979,-1,-3.500,8,-0.5397,-0.1897,-0.3500,0.0000,none,740,216
15.2260,-1,-3.500,8,-0.5397,-0.1897,-0.3500,0.0000,none,741,216
15.2542,-1,-3.500,8,-0.5397,-0.6320,0.0923,-0.4423,none,742,229
15.2827,-1,-3.500,8,-0.6272,-0.6320,0.0048,0.0000,none,743,229
15.3110,-1,-3.500,8,-0.7147,-0.6320,-0.0827,0.0000,none,744,229
15.3386,-1,-3.500,8,-0.8022,-0.6320,-0.1702,0.0000,none,745,229
15.3661,-1,-3.500,8,-0.8897,-0.6320,-0.2577,0.0000,none,746,229
15.3938,-1,-3.500,8,-0.9772,-0.6320,-0.3452,0.0000,none,747,229
15.4222,-1,-3.500,8,-0.9820,-0.6320,-0.3500,0.0000,none,748,229
15.4506,-1,-3.500,8,-0.9820,-0.6320,-0.3500,0.0000,none,749,229
15.4787,-1,-3.500,8,-0.9820,-0.6320,-0.3500,0.0000,none,750,229
15.5069,-1,-3.500,8,-0.9820,-0.6320,-0.3500,0.0000,none,751,229
15.5349,-1,-3.500,8,-0.9820,-0.6320,-0.3500,0.0000,none,752,229
15.5632,-1,-3.500,8,-0.9820,-0.6320,-0.3500,0.0000,none,753,229
15.5915,-1,-3.500,8,-0.9820,-0.6320,-0.3500,0.0000,none,754,229
15.6190,-1,-3.500,8,-0.9820,-0.6320,-0.3500,0.0000,none,755,229
15.6460,-1,-3.500,8,-0.9820,-0.6320,-0.3500,0.0000,none,756,229
15.6731,-1,-3.500,8,-0.9820,-0.6320,-0.3500,0.0000,none,757,229
15.7009,-1,-3.500,8,-0.9820,-1.0183,0.0363,-0.3863,none,758,245
15.7280,-1,-3.500,8,-1.0695,-1.0183,-0.0512,0.0000,none,759,245
15.7558,-1,-3.500,8,-1.1570,-1.0183,-0.1387,0.0000,none,760,245
15.7837,-1,-3.500,8,-1.2445,-1.0183,-0.2262,0.0000,none,761,245
15.8108,-1,-3.500,8,-1.3320,-1.0183,-0.3137,0.0000,none,762,245
15.8389,0,-3.250,8,-1.3683,-1.0183,-0.3500,0.0000,none,763,245
15.8666,0,-3.000,8,-1.3683,-1.0183,-0.3500,0.0000,none,764,245
15.8944,0,-2.750,8,-1.3683,-1.0183,-0.3500,0.0000,none,765,245
15.9222,0,-2.500,8,-1.3683,-1.0183,-0.3500,0.0000,none,766,245
15.9495,0,-2.250,8,-1.3683,-1.0183,-0.3500,0.0000,none,767,245
15.9765,0,-2.000,8,-1.3683,-1.0183,-0.3500,0.0000,none,768,245
16.0041,0,-1.750,8,-1.3683,-1.0183,-0.3500,0.0000,none,769,245
16.0316,0,-1.500,8,-1.3683,-1.0183,-0.3500,0.0000,none,770,245
16.0590,0,-1.250,8,-1.3683,-1.0183,-0.3500,0.0000,none,771,245
16.0862,0,-1.000,8,-1.3683,-1.4456,0.0773,-0.4273,none,772,3
16.1135,0,-0.750,8,-1.3870,-1.4456,0.0586,0.0000,none,773,3
16.1410,0,-0.500,8,-1.3995,-1.4456,0.0461,0.0000,none,774,3
16.1684,0,-0.250,8,-1.4058,-1.4456,0.0398,0.0000,none,775,3
16.1958,0,0.000,0,-1.4456,-1.4456,0.0000,0.0000,none,776,3
16.2227,0,0.000,0,-1.4456,-1.4456,0.0000,0.0000,none,777,3
16.2502,0,0.000,0,-1.4456,-1.4456,0.0000,0.0000,none,778,3
16.2774,0,0.000,0,-1.4456,-1.4456,0.0000,0.0000,none,779,3
16.3043,0,0.000,0,-1.4456,-1.4456,0.0000,0.0000,none,780,3
16.3315,0,0.000,0,-1.4456,-1.4456,0.0000,0.0000,none,781,3
16.3594,0,0.000,0,-1.4456,-1.4456,0.0000,0.0000,none,782,3
16.3873,0,0.000,0,-1.4456,-1.4456,0.0000,0.0000,none,783,3
16.4151,0,0.000,0,-1.4456,-1.4456,0.0000,0.0000,none,784,3
16.4429,0,0.000,0,-1.4456,-1.3950,-0.0506,0.0506,none,785,16
16.4708,0,0.000,0,-1.3950,-1.3950,0.0000,0.0000,none,786,16
16.4990,0,0.000,0,-1.3950,-1.3950,0.0000,0.0000,none,787,16
16.5270,0,0.000,0,-1.3950,-1.3950,0.0000,0.0000,none,788,16
16.5548,0,0.000,0,-1.3950,-1.3950,0.0000,0.0000,none,789,16
16.5820,0,0.000,0,-1.3950,-1.3950,0.0000,0.0000,none,790,16
16.6098,0,0.000,0,-1.3950,-1.3950,0.0000,0.0000,none,791,16
16.6377,0,0.000,0,-1.3950,-1.3950,0.0000,0.0000,none,792,16
16.6653,0,0.000,0,-1.3950,-1.3950,0.0000,0.0000,none,793,16
16.6927,0,0.000,0,-1.3950,-1.3950,0.0000,0.0000,none,794,16
16.7213,0,0.000,0,-1.3950,-1.3950,0.0000,0.0000,none,795,16
16.7491,0,0.000,0,-1.3950,-1.3950,0.0000,0.0000,none,796,16
16.7768,0,0.000,0,-1.3950,-1.3950,0.0000,0.0000,none,797,16
16.8048,0,0.000,0,-1.3950,-1.3950,0.0000,0.0000,none,798,29
16.8321,0,0.000,0,-1.3950,-1.3950,0.0000,0.0000,none,799,29
16.8597,0,0.000,0,-1.3950,-1.3950,0.0000,0.0000,none,800,29
16.8879,0,0.000,0,-1.3950,-1.3950,0.0000,0.0000,none,801,29
16.9162,0,0.000,0,-1.3950,-1.3950,0.0000,0.0000,none,802,29
16.9441,0,0.000,0,-1.3950,-1.3950,0.0000,0.0000,none,803,29
16.9713,0,0.000,0,-1.3950,-1.3950,0.0000,0.0000,none,804,29
16.9996,0,0.000,0,-1.3950,-1.3950,0.0000,0.0000,none,805,29
17.0279,0,0.000,0,-1.3950,-1.3950,0.0000,0.0000,none,806,29
17.0558,0,0.000,0,-1.3950,-1.3950,0.0000,0.0000,none,807,29
17.0827,0,0.000,0,-1.3950,-1.3950,0.0000,0.0000,none,808,29
17.1108,0,0.000,0,-1.3950,-1.3950,0.0000,0.0000,none,809,29
17.1380,0,0.000,0,-1.3950,-1.3950,0.0000,0.0000,none,810,29
17.1650,0,0.000,0,-1.3950,-1.3950,0.0000,0.0000,none,811,29
17.1924,0,0.000,0,-1.3950,-1.3950,0.0000,0.0000,none,812,43
17.2200,0,0.000,0,-1.3950,-1.3950,0.0000,0.0000,none,813,43
17.2481,0,0.000,0,-1.3950,-1.3950,0.0000,0.0000,none,814,43
17.2761,0,0.000,0,-1.3950,-1.3950,0.0000,0.0000,none,815,43
17.3030,0,0.000,0,-1.3950,-1.3950,0.0000,0.0000,none,816,43
17.3301,0,0.000,0,-1.3950,-1.3950,0.0000,0.0000,none,817,43
17.3571,0,0.000,0,-1.3950,-1.3950,0.0000,0.0000,none,818,43
17.3840,0,0.000,0,-1.3950,-1.3950,0.0000,0.0000,none,819,43
17.4110,0,0.000,0,-1.3950,-1.3950,0.0000,0.0000,none,820,43
17.4382,0,0.000,0,-1.3950,-1.3950,0.0000,0.0000,none,821,43
17.4660,0,0.000,0,-1.3950,-1.3950,0.0000,0.0000,none,822,43
17.4933,0,0.000,0,-1.3950,-1.3950,0.0000,0.0000,none,823,43
17.5212,0,0.000,0,-1.3950,-1.3950,0.0000,0.0000,none,824,43
17.5482,0,0.000,0,-1.3950,-1.3950,0.0000,0.0000,none,825,43
17.5758,0,0.000,0,-1.3950,-1.3950,0.0000,0.0000,none,826,43
17.6041,0,0.000,0,-1.3950,-1.3950,0.0000,0.0000,none,827,43
17.6320,0,0.000,0,-1.3950,-1.3950,0.0000,0.0000,none,828,59
17.6602,0,0.000,0,-1.3950,-1.3950,0.0000,0.0000,none,829,59
17.6880,0,0.000,0,-1.3950,-1.3950,0.0000,0.0000,none,830,59
17.7157,0,0.000,0,-1.3950,-1.3950,0.0000,0.0000,none,831,59
17.7440,0,0.000,0,-1.3950,-1.3950,0.0000,0.0000,none,832,59
17.7712,0,0.000,0,-1.3950,-1.3950,0.0000,0.0000,none,833,59
17.7988,0,0.000,0,-1.3950,-1.3950,0.0000,0.0000,none,834,59
17.8265,0,0.000,0,-1.3950,-1.3950,0.0000,0.0000,none,835,59
17.8540,0,0.000,0,-1.3950,-1.3950,0.0000,0.0000,none,836,59
17.8814,0,0.000,0,-1.3950,-1.3950,0.0000,0.0000,none,837,59
17.9091,0,0.000,0,-1.3950,-1.3950,0.0000,0.0000,none,838,59
17.9363,0,0.000,0,-1.3950,-1.3950,0.0000,0.0000,none,839,59
17.9640,0,0.000,0,-1.3950,-1.3950,0.0000,0.0000,none,840,59
17.9924,0,0.000,0,-1.3950,-1.3950,0.0000,0.0000,none,841,72
18.0206,0,0.000,0,-1.3950,-1.3950,0.0000,0.0000,none,842,72
18.0491,0,0.000,0,-1.3950,-1.3950,0.0000,0.0000,none,843,72
18.0772,0,0.000,0,-1.3950,-1.3950,0.0000,0.0000,none,844,72
18.1044,0,0.000,0,-1.3950,-1.3950,0.0000,0.0000,none,845,72
18.1323,0,0.000,0,-1.3950,-1.3950,0.0000,0.0000,none,846,72
18.1601,0,0.000,0,-1.3950,-1.3950,0.0000,0.0000,none,847,72
18.1877,0,0.000,0,-1.3950,-1.3950,0.0000,0.0000,none,848,72
18.2151,0,0.000,0,-1.3950,-1.3950,0.0000,0.0000,none,849,72
18.2425,0,0.000,0,-1.3950,-1.3950,0.0000,0.0000,none,850,72
18.2706,0,0.000,0,-1.3950,-1.3950,0.0000,0.0000,none,851,72
18.2981,0,0.000,0,-1.3950,-1.3950,0.0000,0.0000,none,852,72
18.3259,0,0.000,0,-1.3950,-1.3950,0.0000,0.0000,none,853,72
18.3535,0,0.000,0,-1.3950,-1.3950,0.0000,0.0000,none,854,72
18.3818,0,0.000,0,-1.3950,-1.3950,0.0000,0.0000,none,855,86
18.4093,0,0.000,0,-1.3950,-1.3950,0.0000,0.0000,none,856,86
18.4374,0,0.000,0,-1.3950,-1.3950,0.0000,0.0000,none,857,86
18.4649,0,0.000,0,-1.3950,-1.3950,0.0000,0.0000,none,858,86
18.4926,0,0.000,0,-1.3950,-1.3950,0.0000,0.0000,none,859,86
18.5199,1,0.729,8,-1.3768,-1.3950,0.0182,0.0000,none,860,86
18.5474,1,1.458,8,-1.3403,-1.3950,0.0547,0.0000,none,861,86
18.5751,1,2.188,8,-1.2856,-1.3950,0.1094,0.0000,none,862,86
18.6028,1,2.917,8,-1.2127,-1.3950,0.1823,0.0000,none,863,86
18.6304,1,3.500,8,-1.1252,-1.3950,0.2698,0.0000,none,864,86
18.6578,1,3.500,8,-1.0450,-1.3950,0.3500,0.0000,none,865,86
18.6847,1,3.500,8,-1.0450,-1.3950,0.3500,0.0000,none,866,86
18.7122,1,3.500,8,-1.0450,-1.3950,0.3500,0.0000,none,867,86
18.7397,1,3.500,8,-1.0450,-1.3900,0.3450,0.0050,none,868,99
18.7668,1,3.500,8,-1.0400,-1.3900,0.3500,0.0000,none,869,99
18.7941,1,3.500,8,-1.0400,-1.3900,0.3500,0.0000,none,870,99
18.8214,1,3.500,8,-1.0400,-1.3900,0.3500,0.0000,none,871,99
18.8492,1,3.500,8,-1.0400,-1.3900,0.3500,0.0000,none,872,99
18.8763,1,3.500,8,-1.0400,-1.3900,0.3500,0.0000,none,873,99
18.9037,1,3.500,8,-1.0400,-1.3900,0.3500,0.0000,none,874,99
18.9323,1,3.500,8,-1.0400,-1.3900,0.3500,0.0000,none,875,99
18.9602,1,3.500,8,-1.0400,-1.3900,0.3500,0.0000,none,876,99
18.9880,1,3.500,8,-1.0400,-1.3900,0.3500,0.0000,none,877,99
19.0151,1,3.500,8,-1.0400,-1.3900,0.3500,0.0000,none,878,99
19.0423,1,3.500,8,-1.0400,-1.3900,0.3500,0.0000,none,879,99
19.0703,1,3.500,8,-1.0400,-1.3900,0.3500,0.0000,none,880,99
19.0980,1,3.500,8,-1.0400,-1.0175,-0.0225,0.3725,none,881,112
19.1261,1,3.500,8,-0.9525,-1.0175,0.0650,0.0000,none,882,112
19.1541,1,3.500,8,-0.8650,-1.0175,0.1525,0.0000,none,883,112
19.1816,1,3.500,8,-0.7775,-1.0175,0.2400,0.0000,none,884,112
19.2095,1,3.500,8,-0.6900,-1.0175,0.3275,0.0000,none,885,112
19.2376,1,3.500,8,-0.6675,-1.0175,0.3500,0.0000,none,886,112
19.2653,1,3.500,8,-0.6675,-1.0175,0.3500,0.0000,none,887,112
19.2928,1,3.500,8,-0.6675,-1.0175,0.3500,0.0000,none,888,112
19.3202,1,3.500,8,-0.6675,-1.0175,0.3500,0.0000,none,889,112
19.3480,1,3.500,8,-0.6675,-1.0175,0.3500,0.0000,none,890,112
19.3761,1,3.500,8,-0.6675,-1.0175,0.3500,0.0000,none,891,112
19.4033,1,3.500,8,-0.6675,-1.0175,0.3500,0.0000,none,892,112
19.4306,1,3.500,8,-0.6675,-1.0175,0.3500,0.0000,none,893,112
19.4581,1,3.500,8,-0.6675,-1.0175,0.3500,0.0000,none,894,112
19.4849,1,3.500,8,-0.6675,-1.0175,0.3500,0.0000,none,895,112
19.5129,1,3.500,8,-0.6675,-1.0175,0.3500,0.0000,none,896,112
19.5410,1,3.500,8,-0.6675,-1.0175,0.3500,0.0000,none,897,112
19.5685,1,3.500,8,-0.6675,-0.5971,-0.0704,0.4204,none,898,129
19.5961,1,3.500,8,-0.5800,-0.5971,0.0171,0.0000,none,899,129
19.6232,1,3.500,8,-0.4925,-0.5971,0.1046,0.0000,none,900,129
19.6505,1,3.500,8,-0.4050,-0.5971,0.1921,0.0000,none,901,129
19.6779,1,3.500,8,-0.3175,-0.5971,0.2796,0.0000,none,902,129
19.7059,1,3.500,8,-0.2471,-0.5971,0.3500,0.0000,none,903,129
19.7343,1,3.500,8,-0.2471,-0.5971,0.3500,0.0000,none,904,129
19.7620,1,3.500,8,-0.2471,-0.5971,0.3500,0.0000,none,905,129
19.7896,1,3.500,8,-0.2471,-0.5971,0.3500,0.0000,none,906,129
19.8171,1,3.500,8,-0.2471,-0.5971,0.3500,0.0000,none,907,129
19.8456,1,3.500,8,-0.2471,-0.5971,0.3500,0.0000,none,908,129
19.8731,1,3.500,8,-0.2471,-0.5971,0.3500,0.0000,none,909,129
19.9009,1,3.500,8,-0.2471,-0.5971,0.3500,0.0000,none,910,129
19.9284,1,3.500,8,-0.2471,-0.1559,-0.0912,0.4412,none,911,142
19.9565,1,3.500,8,-0.1596,-0.1559,-0.0037,0.0000,none,912,142
19.9849,1,3.500,8,-0.0721,-0.1559,0.0838,0.0000,none,913,142
20.0126,1,3.500,8,0.0154,-0.1559,0.1713,0.0000,none,914,142
20.0397,1,3.500,8,0.1029,-0.1559,0.2588,0.0000,none,915,142
20.0680,1,3.500,8,0.1904,-0.1559,0.3463,0.0000,none,916,142
20.0968,1,3.500,8,0.1941,-0.1559,0.3500,0.0000,none,917,142
20.1248,1,3.500,8,0.1941,-0.1559,0.3500,0.0000,none,918,142
20.1524,1,3.500,8,0.1941,-0.1559,0.3500,0.0000,none,919,142
20.1794,1,3.500,8,0.1941,-0.1559,0.3500,0.0000,none,920,142
20.2066,1,3.500,8,0.1941,-0.1559,0.3500,0.0000,none,921,142
20.2342,1,3.500,8,0.1941,-0.1559,0.3500,0.0000,none,922,142
20.2615,1,3.500,8,0.1941,-0.1559,0.3500,0.0000,none,923,142
20.2888,1,3.500,8,0.1941,0.2879,-0.0938,0.4438,none,924,155
20.3157,1,3.500,8,0.2816,0.2879,-0.0063,0.0000,none,925,155
20.3426,1,3.500,8,0.3691,0.2879,0.0812,0.0000,none,926,155
20.3698,1,3.500,8,0.4566,0.2879,0.1687,0.0000,none,927,155
20.3970,1,3.500,8,0.5441,0.2879,0.2562,0.0000,none,928,155
20.4245,1,3.500,8,0.6316,0.2879,0.3437,0.0000,none,929,155
20.4513,0,3.250,8,0.6379,0.2879,0.3500,0.0000,none,930,155
20.4784,0,3.000,8,0.6379,0.2879,0.3500,0.0000,none,931,155
20.5061,0,2.750,8,0.6379,0.2879,0.3500,0.0000,none,932,155
20.5339,0,2.500,8,0.6379,0.2879,0.3500,0.0000,none,933,155
20.5620,0,2.250,8,0.6379,0.2879,0.3500,0.0000,none,934,155
20.5898,0,2.000,8,0.6379,0.2879,0.3500,0.0000,none,935,155
20.6180,0,1.750,8,0.6379,0.2879,0.3500,0.0000,none,936,155
20.6458,0,1.500,8,0.6379,0.2879,0.3500,0.0000,none,937,155
20.6733,0,1.250,8,0.6379,0.7340,-0.0961,0.4461,none,938,169
20.7014,0,1.000,8,0.6629,0.7340,-0.0711,0.0000,none,939,169
20.7300,0,0.750,8,0.6817,0.7340,-0.0524,0.0000,none,940,169
20.7577,0,0.500,8,0.6942,0.7340,-0.0399,0.0000,none,941,169
20.7855,0,0.250,8,0.7004,0.7340,-0.0336,0.0000,none,942,169
20.8126,0,0.000,0,0.7340,0.7340,0.0000,0.0000,none,943,169
20.8402,0,0.000,0,0.7340,0.7340,0.0000,0.0000,none,944,169
20.8683,0,0.000,0,0.7340,0.7340,0.0000,0.0000,none,945,169
20.8964,0,0.000,0,0.7340,0.7340,0.0000,0.0000,none,946,169
20.9241,0,0.000,0,0.7340,0.7340,0.0000,0.0000,none,947,169
20.9532,0,0.000,0,0.7340,0.7340,0.0000,0.0000,none,948,169
20.9844,0,0.000,0,0.7340,0.7340,0.0000,0.0000,none,949,169
21.0115,0,0.000,0,0.7340,0.7340,0.0000,0.0000,none,950,169
21.0389,0,0.000,0,0.7340,0.6903,0.0437,-0.0437,none,951,182
21.0662,0,0.000,0,0.6903,0.6903,0.0000,0.0000,none,952,182
21.0931,0,0.000,0,0.6903,0.6903,0.0000,0.0000,none,953,182
21.1208,0,0.000,0,0.6903,0.6903,0.0000,0.0000,none,954,182
21.1481,0,0.000,0,0.6903,0.6903,0.0000,0.0000,none,955,182
21.1755,0,0.000,0,0.6903,0.6903,0.0000,0.0000,none,956,182
21.2027,0,0.000,0,0.6903,0.6903,0.0000,0.0000,none,957,182
21.2301,0,0.000,0,0.6903,0.6903,0.0000,0.0000,none,958,182
21.2576,0,0.000,0,0.6903,0.6903,0.0000,0.0000,none,959,182
21.2847,0,0.000,0,0.6903,0.6903,0.0000,0.0000,none,960,182
21.3119,0,0.000,0,0.6903,0.6903,0.0000,0.0000,none,961,182
21.3403,0,0.000,0,0.6903,0.6903,0.0000,0.0000,none,962,182
21.3683,0,0.000,0,0.6903,0.6903,0.0000,0.0000,none,963,182
21.3954,0,0.000,0,0.6903,0.6899,0.0004,-0.0004,none,964,195
21.4221,0,0.000,0,0.6899,0.6899,0.0000,0.0000,none,965,195
21.4498,0,0.000,0,0.6899,0.6899,0.0000,0.0000,none,966,195
21.4771,0,0.000,0,0.6899,0.6899,0.0000,0.0000,none,967,195
21.5043,0,0.000,0,0.6899,0.6899,0.0000,0.0000,none,968,195
21.5315,0,0.000,0,0.6899,0.6899,0.0000,0.0000,none,969,195
21.5593,0,0.000,0,0.6899,0.6899,0.0000,0.0000,none,970,195
